{
  "f1": [
    [
      3.524300991785054,
      101.12468719482423
    ],
    [
      3.535651981068987,
      101.13893508911134
    ]
  ],
  "f2": [
    [
      3.5277277201459274,
      101.12264871597291
    ],
    [
      3.5387359994553473,
      101.13674640655518
    ]
  ],
  "f3": [
    [
      3.5307689309842245,
      101.12052440643312
    ],
    [
      3.5420341744251918,
      101.13477230072023
    ]
  ],
  "f4": [
    [
      3.529184075874131,
      101.10434532165529
    ],
    [
      3.5401923379032407,
      101.11829280853273
    ]
  ],
  "f5": [
    [
      3.5323966172006482,
      101.10219955444336
    ],
    [
      3.5434476743868255,
      101.11623287200929
    ]
  ],
  "f6": [
    [
      3.5622513014403294,
      101.08988285064699
    ],
    [
      3.570603586713232,
      101.10486030578615
    ]
  ]
}